{"cameraMode":{"drawMode":0,"name":"Shaded","section":"Shading Mode"},"sceneLighting":true,"audioPlay":false,"sceneViewState":{"showFog":true,"showMaterialUpdate":true,"showSkybox":true,"showFlares":true,"showImageEffects":true,"showParticleSystems":true},"in2DMode":false,"pivot":{"x":0.8992857933044434,"y":-1.6229562759399415,"z":17.421167373657228},"rotation":{"x":0.08421025425195694,"y":-0.008106730878353119,"z":0.0007491232827305794,"w":0.9964877367019653},"size":10.0,"orthographic":false}