{"cameraMode":{"drawMode":0,"name":"Shaded","section":"Shading Mode"},"sceneLighting":false,"audioPlay":false,"sceneViewState":{"showFog":true,"showMaterialUpdate":true,"showSkybox":false,"showFlares":true,"showImageEffects":true,"showParticleSystems":true},"in2DMode":false,"pivot":{"x":1.5922091007232667,"y":1.319000005722046,"z":-0.33000001311302187},"rotation":{"x":0.1244533583521843,"y":-0.02443929761648178,"z":0.0031383619643747808,"w":0.9919955730438232},"size":0.10958228260278702,"orthographic":false}