{"cameraMode":{"drawMode":0,"name":"Shaded","section":"Shading Mode"},"sceneLighting":true,"audioPlay":false,"sceneViewState":{"showFog":true,"showMaterialUpdate":true,"showSkybox":true,"showFlares":true,"showImageEffects":true,"showParticleSystems":true},"in2DMode":false,"pivot":{"x":22.01372718811035,"y":1.6916133165359498,"z":-3.7828660011291506},"rotation":{"x":-0.06774825602769852,"y":0.8547606468200684,"z":-0.114946648478508,"w":-0.5018421411514282},"size":0.8660253882408142,"orthographic":false}