{"cameraMode":{"drawMode":0,"name":"Shaded","section":"Shading Mode"},"sceneLighting":true,"audioPlay":false,"sceneViewState":{"showFog":true,"showMaterialUpdate":true,"showSkybox":true,"showFlares":true,"showImageEffects":true,"showParticleSystems":true},"in2DMode":false,"pivot":{"x":-4.288086414337158,"y":-2.1780927181243898,"z":14.889182090759278},"rotation":{"x":0.12417662888765335,"y":-0.16712449491024018,"z":0.021232765167951585,"w":0.977908730506897},"size":10.0,"orthographic":false}